quiche,lorraine
tarte,pommes
Moelleux aux poires,"Ingrédients : oeuf, levure, farine, beurre, sel, poire, sucre. Battre les oeufs et le sucre ensemble jusqu'à ce que le mélange blanchisse et que le sucre soit bien fondu. Ajoutez le beurre fondu, la farine, le sel et la levure pour former une..."
Brownies aux noix,"Ingrédients : oeuf, sucre en poudre, farine, beurre, cerneau de noix, chocolat, sucre glace. Mettre le chocolat et le beurre en petits morceaux dans une casserole. Faire fondre au bain-marie tout en remuant. Retirer la casserole du feu,..."
"Ingrédients : citron, oeuf, levure, sucre en poudre, farine, beurre, sel, miel. Allumer le four thermostat 7-8 . Fouettez à la main les œufs, le sucre et le miel, jusqu'à ce que le mélange blanchisse. Ajouter alors la farine, le sel, le...",
"Ingrédients : poivre, bouillon de volaille, oignon, ail, moutarde de dijon, sel, roti de porc, miel. Mélanger tous les ingrédients ensemble, sauf le rôti et les rondelles d'oignons. Badigeonner le rôti de cette sauce et le coucher sur les...",
"Ingrédients : pomme, pâte feuilletée, beurre, amande, miel, sucre. Préchauffer le four à 210°C. Granir un moule à tarte avec la pâte feuilletée. Couper les pommes en lamelles moyennes et les disposer sur la pâte. Mettre au four une vingtaine...",
"Ingrédients : sauce soja, poivre, huile, oignon, beurre, ail, sel, cannelle, miel liquide, escalope de poulet. Coupez l'oignon en quartiers d'environ 1 cm de large et séparez les différentes épaisseurs. Détaillez les escalopes en fines...",
"Ingrédients : poivre, échalote, pomme, raisins secs, sel, cannelle, roti de porc, miel. Mettre le rôti dans un plat (type pyrex ou porcelaine à feu), l'enduire de miel, le saler et le poivrer. Laver les pommes et les couper en quartier....",
Ingrédients : - 125 g de beurre fondu - 3 œufs Filière Qualité Carrefour - 1 cuillère à soupe de miel du Jura Reflets de France - 1 citron jaune L'épicerie de base : - 130 g de sucre en poudre - 150 g de farine de blé fluide type...,
"Ingrédients : moutarde, poivre, caille, beurre, sel, miel. Faire fondre à feu doux le beurre et le miel, puis hors du feu, ajouter la moutarde le sel et le poivre. Badigeonner les cailles avec ce mélange onctueux dans un plat allant au...",
"Ingrédients : vinaigre balsamique, sel, magret de canard, miel. Inciser les magrets coté peau en quadrillage sans couper la viande. Cuire les magrets à feu vif dans une cocotte en fonte, en commençant par le coté peau. Le temps de cuisson...",
"Ingrédients : sauce soja, poivre, gingembre, citron, piment de Cayenne, ail, poulet, sel, miel, bouillon. Placer les ailerons dans une cocotte. Mouiller avec environ la moitié du bouillon. Laisser mijoter à couvert pendant 10 bonnes minutes....",
"Ingrédients : citron, huile, côtes de porc, curry, miel. Faire cuire les côtes de porc à la poêle. Mélanger l'huile, le curry, le miel et le jus du citron. À mi-cuisson des côtes de porc, arrosez avec la préparation. Terminez la cuisson...",
"Ingrédients : oeuf, jus d'orange, bicarbonate, extrait de vanille, farine, beurre, levure chimique, sucre roux, sel, miel liquide. Préchauffer le four à 190°C et beurrer les moules à muffins. Bien mélanger les ingrédients suivants dans deux...",
Ingrédients : - 500 g de crevettes de Madagascar Filière Qualité Carrefour - 1 cuillère à soupe de miel doux Carrefour - 2 cuillères à soupe de sauce soja recette chinoise Carrefour - 5 cl de vodka Vikoroff Carrefour L’épicerie de base...,
"Ingrédients : oeuf, levure, farine, beurre, sel, poire, sucre. Battre les oeufs et le sucre ensemble jusqu'à ce que le mélange blanchisse et que le sucre soit bien fondu. Ajoutez le beurre fondu, la farine, le sel et la levure pour former une...",
"Ingrédients : oeuf, crême fraîche, lait, chocolat noir, pâte sablée, poire, sucre. Faire fondre le chocolat avec le lait, dans une casserole (ou au micro-ondes). Ajouter 3 bonnes cuillères de crème fraîche, mélanger, et verser sur la pâte....",
"Ingrédients : Poudre d'amande, oeuf, sucre en poudre, pâte feuilletée, beurre, chocolat, poire. Préchauffer votre four à thermostat 7 (220°C). Dans un saladier, mélanger le beurre mou, la poudre d'amandes et le sucre jusqu'à obtention d'un...",
"Ingrédients : oeuf, boudoir, sel, chocolat, poire. Au moins 3 heures à l'avance, préparez la mousse au chocolat : Faites fondre le chocolat avec 4 cuillères à soupe d'eau. Mélangez énergiquement le chocolat fondu et les jaunes d'oeufs. Battez...",
"Ingrédients : oeuf, alcool de poire, farine, beurre, amande, pâte brisée, poire, sucre. Mélangez le beurre ramolli au sucre jusqu'à ce que vous obteniez un mélange léger. Ajoutez les oeufs battus,puis les amandes en poudre et la farine...",
"Ingrédients : - 455 g de poires Williams demi-fruits, au sirop léger Carrefour - 4 jaunes d'œufs Filière Qualité Carrefour - 50 cl de crème fraiche à 30% de matière grasse Carrefour - 3 cuillères à soupe de nappage caramel - 4 feuilles de...",
"Ingrédients : mélange 4 épices, beurre, foie gras, sucre de canne, poire, miel. Eplucher la poire, la couper en quatre, enlever le trognon. Et couper chaque quartier en petits dés (environ 1 cm). Faire fondre une noix de beurre...",
"Ingrédients : oeuf, lait, pâte feuilletée, chocolat pâtissier, poire, sucre. Faire fondre le chocolat à feu très doux. Si besoin, rajouter un peu d'eau pour qu'il soit bien lisse. Peler et couper les poires en lamelles. Absorber leur...",
"Ingrédients : oeuf, pâte feuilletée, cassonade, crème liquide, beurre, chocolat, poire, sucre. Préchauffer le four à 200°C (thermostat 6-7). Faire fondre le chocolat avec le beurre dans une casserole. Mettre la pâte dans un moule à tarte,...",
"Ingrédients : oeuf, farine, beurre, amande, levure chimique, cannelle, chocolat, poire, sucre. Ouvrir la boîte de poires et retirer le sirop. Couper les poires en dés moyens dans un assiette creuse et saupoudrer de cannelle...",
"Ingrédients : Poudre d'amande, farine, cassonade, chocolat noir, beurre, poire. Mélanger, la farine, le beurre, la cassonade et la poudre d'amandes jusqu'à obtention d'une pâte sableuse. Mettre au frais pendant 30 mn. Beurrer un plat à four et...",
"Ingrédients : - 4 poires Williams demi-fruits, au sirop léger - 3 œufs Filière Qualité Carrefour - 25 g de beurre doux Carrefour - 1/2 citron jaune bio Carrefour Bio L'épicerie de base : - 250 g de farine pour pâtisserie et cuisine Carrefour -...",
Madeleines au miel,"Ingrédients : citron, oeuf, levure, sucre en poudre, farine, beurre, sel, miel. Allumer le four thermostat 7-8 . Fouettez à la main les œufs, le sucre et le miel, jusqu'à ce que le mélange blanchisse. Ajouter alors la farine, le sel, le..."
Rôti de porc à la moutarde et au miel,"Ingrédients : poivre, bouillon de volaille, oignon, ail, moutarde de dijon, sel, roti de porc, miel. Mélanger tous les ingrédients ensemble, sauf le rôti et les rondelles d'oignons. Badigeonner le rôti de cette sauce et le coucher sur les..."
"Tarte aux pommes, miel et amandes","Ingrédients : pomme, pâte feuilletée, beurre, amande, miel, sucre. Préchauffer le four à 210°C. Granir un moule à tarte avec la pâte feuilletée. Couper les pommes en lamelles moyennes et les disposer sur la pâte. Mettre au four une vingtaine..."
Emincé de poulet aux épices et au miel,"Ingrédients : sauce soja, poivre, huile, oignon, beurre, ail, sel, cannelle, miel liquide, escalope de poulet. Coupez l'oignon en quartiers d'environ 1 cm de large et séparez les différentes épaisseurs. Détaillez les escalopes en fines..."
Rôti de porc au miel et aux pommes,"Ingrédients : poivre, échalote, pomme, raisins secs, sel, cannelle, roti de porc, miel. Mettre le rôti dans un plat (type pyrex ou porcelaine à feu), l'enduire de miel, le saler et le poivrer. Laver les pommes et les couper en quartier...."
Madeleines au miel,Ingrédients : - 125 g de beurre fondu - 3 œufs Filière Qualité Carrefour - 1 cuillère à soupe de miel du Jura Reflets de France - 1 citron jaune L'épicerie de base : - 130 g de sucre en poudre - 150 g de farine de blé fluide type...
Cailles à la moutarde et au miel,"Ingrédients : moutarde, poivre, caille, beurre, sel, miel. Faire fondre à feu doux le beurre et le miel, puis hors du feu, ajouter la moutarde le sel et le poivre. Badigeonner les cailles avec ce mélange onctueux dans un plat allant au..."
Magrets de canard au miel,"Ingrédients : vinaigre balsamique, sel, magret de canard, miel. Inciser les magrets coté peau en quadrillage sans couper la viande. Cuire les magrets à feu vif dans une cocotte en fonte, en commençant par le coté peau. Le temps de cuisson..."
Ailerons de poulet confits au miel,"Ingrédients : sauce soja, poivre, gingembre, citron, piment de Cayenne, ail, poulet, sel, miel, bouillon. Placer les ailerons dans une cocotte. Mouiller avec environ la moitié du bouillon. Laisser mijoter à couvert pendant 10 bonnes minutes...."
côtes de porc au curry et au miel,"Ingrédients : citron, huile, côtes de porc, curry, miel. Faire cuire les côtes de porc à la poêle. Mélanger l'huile, le curry, le miel et le jus du citron. À mi-cuisson des côtes de porc, arrosez avec la préparation. Terminez la cuisson..."
Muffins au miel,"Ingrédients : oeuf, jus d'orange, bicarbonate, extrait de vanille, farine, beurre, levure chimique, sucre roux, sel, miel liquide. Préchauffer le four à 190°C et beurrer les moules à muffins. Bien mélanger les ingrédients suivants dans deux..."
Brochettes de crevettes sauce au miel,Ingrédients : - 500 g de crevettes de Madagascar Filière Qualité Carrefour - 1 cuillère à soupe de miel doux Carrefour - 2 cuillères à soupe de sauce soja recette chinoise Carrefour - 5 cl de vodka Vikoroff Carrefour L’épicerie de base...
Sauce pimentée,"Ingrédients : pâte, tomate, harissa, tabasco, ketchup. Éplucher la tomate, la couper en petit morceaux, mettre dans une casserole y ajouter le ketchup et le Tabasco, faire cuire à feu doux. Rajouter la pâte de piment et le harissa. Servir..."
Bonbons piments,"Ingrédients : cumin, poivre, gingembre, curcuma, pois, oignon, piment vert, coriandre, sel. La veille mettre les pois à tremper dans beaucoup d'eau. Le lendemain, enlever la peau des pois et les écraser au pilon. Piler gingembre, cumin, sel et..."
Mix pimenté,"Ingrédients : thym, pulpe de tomate, courgette, Viandes, oignon, ail, aubergine, sel, carotte, coulis, blette. Couper tous les légumes en petits morceaux. Dans une poêle ou un wok, faire revenir l’oignon, éventuellement dans un peu d’huile d’olive...."
Piments au vinaigre,"Ingrédients : piment, vinaigre. Découpez les piments en petits morceaux (attention aux doigts ça brûle). Les mettre dans un petit bocal en verre et remplir de vinaigre blanc. Les piments vont confire dans le vinaigre. Si on se..."
Gâteaux piments,"Ingrédients : poivre, échalote, pois, huile de friture, cumin en poudre, ail, coriandre, petit piment, sel. Laver les dholls et les faire tremper cinq heures dans de l'eau froide. Les égoutter et les passer au mixer. Piler l'ail, hacher les..."
Crème d’Etorki® au piment d’Espelette,"Ingrédients : piment, crème fleurette, etorki, sel. Enlever la croûte du fromage et le râper bien fin. Faire bouillir pendant 2 minutes la crème avec le fromage dont on a retiré la croûte. Passer au chinois très fin. Assaisonner avec le..."
poulet au piment ,"Ingrédients : poivre, huile, ail, piment d'espelette, poulet, persil, sel. Dans un bol : Piler les gousses d'ail, hacher le persil, une bonne cuillère à soupe d'huile du sel et du poivre et une grosse cuillère de piment. Remuer jusqu'à..."
Confit de piments,"Ingrédients : piment, huile, vinaigre, sel. Laver les piments Les couper en deux Dans un bocal, verser l'huile, le sel, le vinaigre puis les piments couper en 2 ou 4 selon la grosseur. Vous pouvez aussi y ajouter des oignons..."
Sauce aux piments,"Ingrédients : piment, huile de tournesol, oignon, cube de bouillon. Émincer très finement les piments et les oignons. Dans une casserole, faire suer les oignons et les piments. Ajouter l'huile et les bouillons, faire mijoter à..."
Sel au piment,"Ingrédients : piment, gros sel. Prendre des piments frais, de préférence ceux de la forme d'un poivron, les plus parfumés, les broyer avec du gros sel dans un mixeur. Mettre le tout à sécher au soleil ou au four pour les pays du nord...."
Poulet aux piments,"Ingrédients : poivre, gingembre, soja, huile de tournesol, oignon, ail, poulet, petit piment, sel. Si vous prenez des cuisses entières, coupez-les en 2. Dans une poêle, faites chauffer l'huile et mettez-y les cuisses ou pilons de poulet que..."
Crevettes sautées au piment doux,Ingrédients : - 400 g de crevettes de Madagascar Origine & Qualité Carrefour - 2 citron Jaune Carrefour bio L’épicerie de base : - 1 cuillère à café de paprika doux - 1 cuillères à soupe de sauce soja - 2 cuillère à soupe de mélange...
